{
	"easycom" : {
		"^uni-(.*)": "@/components/uni-$1/uni-$1.vue",
		"^u-(.*)" : "@/uview-ui/components/u-$1/u-$1.vue"
	},
	"pages": [ 
		
		{
		    "path" : "pages/user/login_v2",
		    "style" :                                                                                    
		    {
		        "navigationBarTitleText": "",
		        "enablePullDownRefresh": false,
				"navigationStyle":"custom",
				"disableScroll": true
		    }
		    
		},
		{
		    "path" : "pages/user/overall_view",
		    "style" : {
				"navigationBarTitleText": "鲲鹏资管",
				"enablePullDownRefresh": true,
				"navigationStyle":"custom",
				"navigationBarTextStyle":"white"
				/*"disableScroll":true*/
			}
		},
		{
		    "path" : "pages/user/checkup_system",
		    "style" :                                                                                    
		    {
		        "navigationBarTitleText": "考核指标",
		        "enablePullDownRefresh": false
		    }
		    
		},
		{
		    "path" : "pages/user/category_view",
		    "style" : {
				"navigationBarTitleText": "策略",
				//"navigationStyle":"custom",
				"enablePullDownRefresh": false,
				"backgroundColor": "#333333",
				"disableScroll":true
			}
		}
	    ,{
            "path" : "pages/user/overall_stat",
            "style" : {
                "navigationBarTitleText": "总收益统计",
                "enablePullDownRefresh": false,
				"navigationStyle":"custom",
				"disableScroll":true
            }
        }
        ,{
            "path" : "pages/transaction/list",
            "style" :                                                                                 
            {
                "navigationBarTitleText": "交易列表"
                /*"enablePullDownRefresh": true*/
				/*"disableScroll":true*/
            }
            
        }
        ,{
            "path" : "pages/transaction/transaction",
            "style" :                                                                                    
            {
                "navigationBarTitleText": "交易",
                "enablePullDownRefresh": false,
				"disableScroll": true
            }
            
        }
        ,{
            "path" : "pages/user/history_income",
            "style" :                                                                                    
            {
                "navigationBarTitleText": "往期收益",
                "enablePullDownRefresh": false
            }
        },{
		    "path" : "pages/user/history_delegate_log",
		    "style" : {
		        "navigationBarTitleText": "历史委托",
		        "enablePullDownRefresh": false
		    }
		}
        ,{
            "path" : "pages/user/detail_page",
            "style" :                                                                                    
            {
                "navigationBarTitleText": "",
                "enablePullDownRefresh": false,
				"backgroundColor": "#333333",
				"disableScroll": true
            }   
        }
        ,{
            "path" : "pages/user/income_balance",
            "style" :                                                                               
            {
                "navigationBarTitleText": "结算详情",
				"disableScroll": true,
                "enablePullDownRefresh": false
            }
            
        },
		{
		    "path" : "pages/user/income_detail",
		    "style" :                                                                               
		    {
		        "navigationBarTitleText": "收益明细",
				"disableScroll": true,
		        "enablePullDownRefresh": false
		    }
		}
        ,{
            "path" : "pages/user/user_index_new",
            "style" :                                                                                    
            {
                "navigationBarTitleText": "个人中心",
				"backgroundColor": "#333333",
                "enablePullDownRefresh": false
            }
            
        },
		{
            "path" : "pages/user/bond",
            "style" :                                                                                    
            {
                "navigationBarTitleText": "保证金明细",
                "enablePullDownRefresh": false
            }
            
        }
    ],
	
	"globalStyle": {
		"navigationBarTextStyle": "white",
		"navigationBarTitleText": "uni-app",
		"navigationBarBackgroundColor": "#333333",
		"backgroundColor": "#333333"
	},
	"tabBar": {
	    "color": "#c2c2c2",
	    "selectedColor": "#0bf4fe",
	    "borderStyle": "black",
	    "backgroundColor": "#333333",
	    "list": [{
	        "pagePath": "pages/user/overall_view",
	        "iconPath": "./static/image/overall_view/strategy.png",
	        "selectedIconPath": "static/image/overall_view/strategy_active.png",
	        "text": "策略"
	    },{
			"pagePath": "pages/transaction/transaction",
			"iconPath": "static/image/overall_view/trade.png",
			"selectedIconPath": "static/image/overall_view/trade_avtive.png",
			"text": "交易"
		},{
	        "pagePath": "pages/user/user_index_new",
	        "iconPath": "static/image/overall_view/gerenzhongxin.png",
	        "selectedIconPath": "static/image/overall_view/gerenzhongxin_avtive.png",
	        "text": "个人中心"
	    }]
	}
}
